state,city,reason
Andhra Pradesh,"Parlakimidi",no name match
Gujarat,"Bhojpur Dharampur",no name match
Gujarat,"Jodia",no name match
Gujarat,"Madhavpur Ghed",no name match
Gujarat,"Pavi Jetpur",no name match
Gujarat,"Pipavav",no name match
Gujarat,"Prabhas Patan",no name match
Gujarat,"Vasa",no name match
Gujarat,"Vinchhiya",no name match
Gujarat,"Wadhai",no name match
Karnataka,"Electronic City",no name match
Madhya Pradesh,"Bhawaniganj",no name match
Madhya Pradesh,"Khailar",no name match
Maharashtra,"Jakhangaon",no name match
Maharashtra,"Karanja Lad",no name match
Maharashtra,"Nala Sopara",no name match
Andhra Pradesh,"Govindapuram,Chilakaluripet,Guntur",same name 930 km apart - left blank
Andhra Pradesh,"Kanuru",same name 65 km apart - left blank
Gujarat,"Bhatha",same name 236 km apart - left blank
Gujarat,"Dungarpur",same name 132 km apart - left blank
Gujarat,"Jalia",same name 72 km apart - left blank
Gujarat,"Kothara",same name 527 km apart - left blank
Gujarat,"Nikora",same name 194 km apart - left blank
Gujarat,"Piplod",same name 42 km apart - left blank
Gujarat,"Vadgam",same name 107 km apart - left blank
Karnataka,"Beltangadi",same name 112 km apart - left blank
Karnataka,"Hosangadi",same name 74 km apart - left blank
Karnataka,"Kittur",same name 66 km apart - left blank
Karnataka,"Someshwar",same name 80 km apart - left blank
Karnataka,"Sringeri",same name 146 km apart - left blank
Karnataka,"Suntikoppa",same name 226 km apart - left blank
Kerala,"Edakkulam",same name 66 km apart - left blank
Madhya Pradesh,"Iklehra",same name 258 km apart - left blank
Madhya Pradesh,"Jaithari",same name 326 km apart - left blank
Madhya Pradesh,"Katangi",same name 185 km apart - left blank
Madhya Pradesh,"Majholi",same name 187 km apart - left blank
Madhya Pradesh,"Panara",same name 318 km apart - left blank
Madhya Pradesh,"Piploda",same name 58 km apart - left blank
Madhya Pradesh,"Rajgarh",same name 235 km apart - left blank
Madhya Pradesh,"Rajpur",same name 90 km apart - left blank
Madhya Pradesh,"Shahpur",same name 414 km apart - left blank
Maharashtra,"Ambegaon",same name 332 km apart - left blank
Maharashtra,"Argaon",same name 342 km apart - left blank
Maharashtra,"Ashti",same name 127 km apart - left blank
Maharashtra,"Badnapur",same name 239 km apart - left blank
Maharashtra,"Ballarpur",same name 103 km apart - left blank
Maharashtra,"Bandra",same name 662 km apart - left blank
Maharashtra,"Bhiwapur",same name 102 km apart - left blank
Maharashtra,"Bhugaon",same name 86 km apart - left blank
Maharashtra,"Bijur",same name 477 km apart - left blank
Maharashtra,"Chakur",same name 64 km apart - left blank
Maharashtra,"Chandgad",same name 581 km apart - left blank
Maharashtra,"Chandur",same name 173 km apart - left blank
Maharashtra,"Chausala",same name 269 km apart - left blank
Maharashtra,"Chicholi",same name 65 km apart - left blank
Maharashtra,"Deolali",same name 97 km apart - left blank
Maharashtra,"Dighori",same name 76 km apart - left blank
Maharashtra,"Dongri",same name 721 km apart - left blank
Maharashtra,"Ghargaon",same name 79 km apart - left blank
Maharashtra,"Girgaon",same name 289 km apart - left blank
Maharashtra,"Indapur",same name 189 km apart - left blank
Maharashtra,"Islampur",same name 369 km apart - left blank
Maharashtra,"Jaitapur",same name 716 km apart - left blank
Maharashtra,"Jalkot",same name 127 km apart - left blank
Maharashtra,"Jamkhed",same name 71 km apart - left blank
Maharashtra,"Janephal",same name 61 km apart - left blank
Maharashtra,"Jategaon",same name 132 km apart - left blank
Maharashtra,"Jogeshwari",same name 259 km apart - left blank
Maharashtra,"Kalamb",same name 224 km apart - left blank
Maharashtra,"Kali(DK)",same name 64 km apart - left blank
Maharashtra,"Kamargaon",same name 294 km apart - left blank
Maharashtra,"Khanapur",same name 141 km apart - left blank
Maharashtra,"Khandala",same name 277 km apart - left blank
Maharashtra,"Khangaon",same name 88 km apart - left blank
Maharashtra,"Kharda",same name 358 km apart - left blank
Maharashtra,"Kodoli",same name 90 km apart - left blank
Maharashtra,"Koregaon",same name 106 km apart - left blank
Maharashtra,"Kusumba",same name 63 km apart - left blank
Maharashtra,"Mahabaleshwar",same name 49 km apart - left blank
Maharashtra,"Mahim",same name 69 km apart - left blank
Maharashtra,"Mandwa",same name 357 km apart - left blank
Maharashtra,"Mangaon",same name 257 km apart - left blank
Maharashtra,"Mankeshwar",same name 150 km apart - left blank
Maharashtra,"Maregaon",same name 49 km apart - left blank
Maharashtra,"Mehergaon",same name 53 km apart - left blank
Maharashtra,"Mohadi",same name 496 km apart - left blank
Maharashtra,"Mohol",same name 293 km apart - left blank
Maharashtra,"Nalegaon",same name 267 km apart - left blank
Maharashtra,"Pabal",same name 429 km apart - left blank
Maharashtra,"Pahur, Maharashtra",same name 247 km apart - left blank
Maharashtra,"Parner",same name 195 km apart - left blank
Maharashtra,"Pedgaon",same name 225 km apart - left blank
Maharashtra,"Pipri",same name 338 km apart - left blank
Maharashtra,"Rajura",same name 281 km apart - left blank
Maharashtra,"Ralegaon",same name 56 km apart - left blank
Maharashtra,"Renapur",same name 79 km apart - left blank
Maharashtra,"Sangrampur, Maharashtra",same name 281 km apart - left blank
Maharashtra,"Saoli",same name 116 km apart - left blank
Maharashtra,"Shevgaon",same name 118 km apart - left blank
Maharashtra,"Shirala",same name 64 km apart - left blank
Maharashtra,"Sindewahi",same name 81 km apart - left blank
Maharashtra,"Sindkheda",same name 117 km apart - left blank
Maharashtra,"Sonala",same name 264 km apart - left blank
Maharashtra,"Sonegaon",same name 65 km apart - left blank
Maharashtra,"Sonvad",same name 98 km apart - left blank
Maharashtra,"Vadgaon",same name 223 km apart - left blank
Maharashtra,"Vadner",same name 464 km apart - left blank
Maharashtra,"Valsang",same name 100 km apart - left blank
Maharashtra,"Vangaon",same name 282 km apart - left blank
Maharashtra,"Vinchur",same name 62 km apart - left blank
Maharashtra,"Wadala",same name 445 km apart - left blank
Maharashtra,"Wadgaon",same name 223 km apart - left blank
Maharashtra,"Wadner",same name 256 km apart - left blank
Maharashtra,"Wakad",same name 346 km apart - left blank
Maharashtra,"Walgaon",same name 303 km apart - left blank
Maharashtra,"Walki",same name 279 km apart - left blank
Tamil Nadu,"Alappakkam",same name 123 km apart - left blank
Tamil Nadu,"Ammapettai",same name 195 km apart - left blank
Tamil Nadu,"Chetput",same name 118 km apart - left blank
Tamil Nadu,"Chettipalaiyam",same name 43 km apart - left blank
Tamil Nadu,"Cholapuram",same name 277 km apart - left blank
Tamil Nadu,"Gandhi Nagar",same name 121 km apart - left blank
Tamil Nadu,"Gangaikondan",same name 351 km apart - left blank
Tamil Nadu,"Kadambur",same name 404 km apart - left blank
Tamil Nadu,"Kulattur",same name 154 km apart - left blank
Tamil Nadu,"Kunnattur",same name 169 km apart - left blank
Tamil Nadu,"Kuttalam",same name 348 km apart - left blank
Tamil Nadu,"Mangalam",same name 211 km apart - left blank
Tamil Nadu,"Palavakkam",same name 48 km apart - left blank
Tamil Nadu,"Pennathur",same name 68 km apart - left blank
Tamil Nadu,"Periyapatti",same name 108 km apart - left blank
Tamil Nadu,"Perungudi",same name 344 km apart - left blank
Tamil Nadu,"Puduppatti",same name 183 km apart - left blank
Tamil Nadu,"Pudur",same name 276 km apart - left blank
Tamil Nadu,"Puduvayal",same name 386 km apart - left blank
Tamil Nadu,"Puliyur",same name 84 km apart - left blank
Tamil Nadu,"Sivagiri",same name 201 km apart - left blank
Tamil Nadu,"Viraganur",same name 186 km apart - left blank
Telangana,"Chandur",same name 142 km apart - left blank
Telangana,"Kyathampalle",same name 127 km apart - left blank
Telangana,"Narsingi",same name 73 km apart - left blank
Telangana,"Singapur",same name 209 km apart - left blank
